search_time,search_key,title,link,pub_date,description,source,newsUrl,content
2025-12-18 17:17:48,中鋼,【2025/11月營收公告】中鋼構(2013) 十一月營收17.51億元，表現亮眼、呈現雙成長，創近5個月以來新高，年增1.15% - CMoney投資網誌,https://news.google.com/rss/articles/CBMiigFBVV95cUxQcXpIb1hmRVBHa3IxdlVlTGtQNE5SV2xCdENobUdmZXpLbFhUckoyOWdBeWd4TjgwWFo4QWZFYzJqVjYtZzJJQW5mWF84S2ZMVlVxSUVWNWN2RnE1TlJaRmxLeEc4cHhaTWVUSzgtY3RiMFhYQ3lMVU1obFdhc3Nuc0ZzV2I2MW9xb2c?oc=5,2025-12-08 08:00:00,【2025/11月營收公告】中鋼構(2013) 十一月營收17.51億元，表現亮眼、呈現雙成長，創近5個月以來新高，年增1.15%,CMoney投資網誌,https://cmnews.com.tw/article/cmoneyaicurator-83a2dd7c-d411-11f0-89ef-ced21a4770a6,傳產-鋼鐵 中鋼構(2013)公布11月 合併營收17.51億元，創近5個月以來新高，MoM +6.04%、YoY +1.15%，雙雙成長、營收表現亮眼；累計2025年1月至11月營收約190.98億，較去年同期 YoY +7.89%。法人機構平均預估年度稅後純益將衰退至5.26億元、 預估EPS將落在 2.56~2.7元之間。想知道更多股市相關資訊，可點擊下方連結，從籌碼K線APP查詢哦！https://www.cmoney.tw/r/2/d04n9s累計2025年1月至11月營收約190.98億，較去年同期 YoY +7.89%。法人機構平均預估年度稅後純益將衰退至5.26億元、 預估EPS將落在 2.56~2.7元之間。想知道更多股市相關資訊，可點擊下方連結，從籌碼K線APP查詢哦！https://www.cmoney.tw/r/2/d04n9s
2025-12-18 17:17:48,中鋼,鋼市復甦的訊號來了！中鋼：鋼市明年迎4喜訊 關鍵得看「這1項」 - 工商時報,https://news.google.com/rss/articles/CBMiX0FVX3lxTE13cWo1dU9Jd1c2Sk1iVzl4dThpblo5U21VVTlERkRBeWRrbEx5VDBUYU42MVNCZXNsWEZPYmhXUTdLXzllZXBYa3UtRXdyU3JoN1dmWm1TLUtTTzV4RTRF?oc=5,2025-12-09 08:00:00,鋼市復甦的訊號來了！中鋼：鋼市明年迎4喜訊 關鍵得看「這1項」,工商時報,https://www.ctee.com.tw/news/20251209700098-439901,已將目前網頁的網址複製到您的剪貼簿！明年的鋼鐵市況到底會不會變好，中鋼信心喊話表示，雖然目前市場需求並未明顯好轉，不過近期下游客戶已開始出現急單；此外，打了四年的俄烏戰爭停火態勢愈來愈明顯，美國也啟動降息，國內匯率問題也緩解，只要中國大陸鋼廠能持續減產，明年鋼市復甦的機率就更高。今年以來鋼鐵市場的景氣持續低迷，就算進入傳統旺季的第四季也沒有好轉，許多業者都擔心這樣的狀況將延續至明年，產業龍頭中鋼認為實際狀況已開始好轉，上周在中鋼與螺絲業的產銷聯誼會中，中鋼高層就透露，近期部分下游業者開始接到急單，就是鋼市好轉的跡象之一。對明年鋼市有利的第二個訊號，則是俄烏戰爭接近結束。中鋼表示，這場戰爭已延續逾四年，近期烏克蘭與美國高層展開馬拉松式密集會談，據了解雙方在相關架構上已有「重大進展」，正逼近共識，外界認這可能讓俄烏戰爭走向終結，中鋼認為，全球鋼鐵業期待的戰後重建兌現的機率越來越高，也有助業者走出低谷。關稅、新台幣匯率等問題隨著時間緩解，業者也開始找到解決之道，對於產業的衝擊逐漸降低，則是對鋼市有利的第三個訊號。本月美國聯準會可望繼續降息，也有利於鋼價的發展。中鋼高層指出，明年第一季雖然有農曆春節因素影響，但鋼鐵市場整體來看陸續出現正面走向，對於明年的市況不需要過度悲觀。而真正決定性的因素則是大陸的減產計劃，今年大陸的粗鋼減產已經初具成效，與全球鋼鐵需求的差距是歷年來最小，若大陸明年仍能維持這樣的減產力道，成品或半成品鋼材的出口也可望降低，全球鋼鐵的供需結構也能走向平衡，鋼市的復甦力道會更強。
2025-12-18 17:17:48,中鋼,中鋼11月營收253.68億創五個新高 難扭轉全年虧損 - 自由財經,https://news.google.com/rss/articles/CBMiX0FVX3lxTE1wRUM2OTJTN1FveDJ1OXpSOUhsRGd6T2tDMjd0OGhIWUxuWTFEalJWcUVJclIzQ3dDT0N4amFJQjVwa3dlVzYzNWFPOWlJQ0ltNjBWaTc3YlV5UGstLUFV0gFkQVVfeXFMT3JPcTZWMHc4Nm1ISlVURHhBWDkwV0R4cVA2UHdKSE1rc1d1dllUSFhLU2pCVkFsSUtrdXVlREVxN3ktVEs3ZVliRG54YllFSFBXNWhFb3Zmb1daM05ENXQ3OGlrVQ?oc=5,2025-12-10 09:13:58,中鋼11月營收253.68億創五個新高 難扭轉全年虧損,自由財經,https://ec.ltn.com.tw/article/breakingnews/5274131,
2025-12-18 17:17:48,中鋼,中鋼11月營收月增3.7% 下游出現部分急單需求 - Yahoo奇摩股市,https://news.google.com/rss/articles/CBMirwJBVV95cUxOUjdfVjJXYlVsV2dIM3hXeHhRT2RNTjBWRjIxbTBxUVNraGdiUnc3THhPUVkyOGo5MGlvcGpoSzFzLVc2OG9oc1p3TDBPZHBrdVlVUklMVFYxZWlMUGJvbnFCanZSaFQ2SUttTHBUZFRkNENkSERaRlBMT2JTa3d1NW9sUmRyZkNDOUQ2Vl9GLWNRZ0NmTVZWdGVnYzVGLVhkYm1rRXdjWWxlOExWZmZDUzlYdnlIeVhxTEQ2RFFVYlBnQWw1MHN2MWhCZGRveGdVamFkTlV4QkJ4bHhtcWFvTWJ0VnV1azFwMExfUFNGOUZMeU5aT3ZEVktkRU1YQ01fT0RZM0ZZX1gtaWRQYVFvakRBaXhQalhHRWwxZFBUVHZFMEsyZ0xOR1hwLVFZNUk?oc=5,2025-12-10 12:17:44,中鋼11月營收月增3.7% 下游出現部分急單需求,Yahoo奇摩股市,https://tw.stock.yahoo.com/news/%E4%B8%AD%E9%8B%BC11%E6%9C%88%E7%87%9F%E6%94%B6%E6%9C%88%E5%A2%9E3-7-%E4%B8%8B%E6%B8%B8%E5%87%BA%E7%8F%BE%E9%83%A8%E5%88%86%E6%80%A5%E5%96%AE%E9%9C%80%E6%B1%82-121744247.html,
2025-12-18 17:17:48,中鋼,滿手台泥中鋼、金融股...一張AI股都沒有，2026年該買誰？散熱三雄超猛：健策、雙鴻、奇鋐「首選它再賺6成」 - 今周刊,https://news.google.com/rss/articles/CBMigAFBVV95cUxQdUdlYmJQUm9rYjRyOTRnQWNEUjB4aFkxZnN2MUsxLXZ5dVZMN085dWE0QndKS3JTQzEyWVNTSzQzNDg0OWRvSEhuVkZJS2JZT05DZHp5ZWt6bno4d05YU0UzbUszM1FhRlVGWHFWUExGT3hjSjY1c0FVRlVhSGctRA?oc=5,2025-12-11 08:00:00,滿手台泥中鋼、金融股...一張AI股都沒有，2026年該買誰？散熱三雄超猛：健策、雙鴻、奇鋐「首選它再賺6成」,今周刊,https://www.businesstoday.com.tw/article/category/183008/post/202512100026/,none
2025-12-18 17:17:48,中鋼,中鋼股價46➝18元、台塑118➝40元，2026年將華麗轉身？杜金龍最新目標價曝光：忍住別賣，坐等「歹子養老爸」 - 今周刊,https://news.google.com/rss/articles/CBMigAFBVV95cUxQWmxaTHJjcWlTWWVxUmE0a0Z0aFZkZF85aTgwcUhZZzRELXNkU0pBZHNHM0lYMFlxTWdyQXB3U1Q0NWRiVEFBSHdHZC05SjQweFFJYkVVWmFBVWFUOHpJbjZibWxwTTd0RzE5aE4ybGhMdHkxd3hmb2VkYzBZR2daWA?oc=5,2025-12-12 04:00:00,中鋼股價46➝18元、台塑118➝40元，2026年將華麗轉身？杜金龍最新目標價曝光：忍住別賣，坐等「歹子養老爸」,今周刊,https://www.businesstoday.com.tw/article/category/183008/post/202512120007/,none
2025-12-18 17:17:48,中鋼,中鋼、台塑都在淨值下！南亞科、南亞漲完換台塑？中鋼重回3字頭？杜金龍親揭「連我都想去買」 - 上市櫃 - 旺得富理財網,https://news.google.com/rss/articles/CBMiakFVX3lxTE5ZNTYtSnBSUTZiSzZfUlRxQndZdVRUMzFvdkcwTGo3UFRXTlBZNGF0UmpiUHlkUTZ3bkRmemUtbWNRVTQ4VUI3aG8tdTByVjlVZVliT085QTdidDBaOEpqVDFxUnl6N2pqUFE?oc=5,2025-12-12 23:17:08,中鋼、台塑都在淨值下！南亞科、南亞漲完換台塑？中鋼重回3字頭？杜金龍親揭「連我都想去買」 - 上市櫃,旺得富理財網,https://wantrich.chinatimes.com/news/20251213900007-420101,none
2025-12-18 17:17:48,中鋼,AI漲太多買不下手？中鋼、台塑四寶還有甜甜價杜金龍揭3大優勢- 證券 - 工商時報,https://news.google.com/rss/articles/CBMiX0FVX3lxTE1SbVRLbERwdlhhU2hma2xhUkRFVllqbGJHa3JmcndNN1lBb1hMbUJISmR5X2pkNHdRV3Z4VlRvMkJIM3hDVS1DNzMzSkkyZVhTUEhnVnV4V2R2OW5iWDg0?oc=5,2025-12-12 23:51:00,AI漲太多買不下手？中鋼、台塑四寶還有甜甜價杜金龍揭3大優勢- 證券,工商時報,https://www.ctee.com.tw/news/20251213700014-430201,已將目前網頁的網址複製到您的剪貼簿！台股持續站穩高檔，隨著年底作帳行情進入白熱化，選股策略成為投資人最關注的焦點。資深分析師杜金龍指出，在AI持續主導盤面的同時，鋼鐵、塑化等「右下角」低基期傳產股正逐漸浮現補漲契機，尤其台塑四寶與中鋼等仍低於淨值的龍頭企業，更有機會在法人作帳與產業循環改善下迎來轉折。杜金龍在節目《鈔錢部署》中表示，今年盤面雖以AI題材為主，包括國防、HBM、OpenAI概念股等表現強勢，但不少投資人對於已在高位的AI股感到遲疑，轉而尋求基期較低的標的。他觀察到，11月大盤雖兩度回檔，卻意外帶動傳產族群的強勢表現，其中塑化漲幅達23%，鋼鐵、陶瓷玻璃亦表現亮眼，這些族群因基期偏低，成為資金輪動時的受益者。杜金龍透露，他本人近期也重新留意中鋼。儘管不少投資人被套牢在4字頭，但他認為，中鋼股價長期落在右下角位置，從波浪理論與黃金切割率來看，先前從46元高點回檔至約17.6元，但大盤已上漲一萬兩千點，中鋼仍處於低檔，具備跌深反彈的條件，此外，「中鋼現在股價比每股淨值還低，今年雖然仍虧損，但明年預估可轉盈、後年獲利再成長，這些條件使它具備布局的價值。」杜金龍表示，若後續國際鋼價因地緣局勢改善而回升，中鋼拉升至3字頭並非不可能。針對台塑四寶，杜金龍認為利空已逐漸出盡，反而為投資人提供機會。他指出，儘管目前法人看法分歧，但台塑每股淨值達45.82元，目前股價約42.80元，同樣具有低於淨值的優勢，而台塑今年EPS仍為負1.1元，處於虧損，但預期明年可賺0.67元，後年進一步增長至1.05元，若油價回升、下游需求回暖，台塑四寶的營運動能可望同步提升。杜金龍強調，集團股在年底前往往具備作帳需求，加上同集團存在價格倫理現象，當南亞、南電等相關個股率先上漲後，市場自然會回頭尋找仍在低位的台塑與台塑化。※免責聲明：文中所提之個股、基金內容僅供參考，並非投資建議，投資人應獨立判斷，審慎評估風險，自負盈虧。
2025-12-18 17:17:48,中鋼,中鋼廠慶／董座黃建智：不是被動等市場變好 而是主動出擊航向藍海 - 聯合新聞網,https://news.google.com/rss/articles/CBMiUEFVX3lxTE5iQ0dwcjNZVlVhX3I5b3hpa0VwSXhVSngxUmZXUGVaOGNzdThieXFveHJjUFJOS3Q4T19BdW1KSjlRa1hUdzJ3Nm84R2hpbE4t0gFWQVVfeXFMT0R3RExMdTZSOU16SVhzdGo1ZU5jQ1BLUVl6cVpYbm0wYWJUYWNRWlEzNGdXTW5ka2xWbE9pNG01LXdjdXk4STBMZkN1a3YybHpVVEFOWGc?oc=5,2025-12-13 03:41:53,中鋼廠慶／董座黃建智：不是被動等市場變好 而是主動出擊航向藍海,聯合新聞網,https://udn.com/news/story/7241/9200746,中鋼（2002）13日舉辦54周年廠慶，董事長黃建智說，「沒有一個偉大的成就，是靠等待而來」，當前的鋼鐵市場陷入泥濘，中鋼不是被動等待市場變好，而是主動出擊，以行動守住市場、以轉型提升競爭力，要在這波鋼鐵寒流中避開冰山，更快、更穩的航向藍海。   黃建智表示，每年廠慶都是中鋼的感恩時刻。那些共同走過的路、扛過的挑戰、守住的承諾，都在廠慶當天，再次被記起。   黃建智指出，前陣子在台灣最感人的身影就是「鏟子超人」，他們沒有披風，也沒有超能力，卻在最艱難、無光、沒有掌聲的環境中，一鏟一鏟把那又黏又厚又臭的泥濘清開，用明知艱難、卻仍堅持向前的勇氣，鼓舞激勵同行的夥伴，共同完成艱鉅的行動。   當前的鋼鐵市場，正像這攤泥濘，短期面對國際需求低迷、產能嚴重過剩，長期又面臨減碳壓力與供應鏈重組，每項都是對中鋼韌性的考驗。每位中鋼人就如同「鏟子超人」般扮演自己關鍵的角色：守設備、盯成本、攻市場、推轉型、做研發、精製程。   黃建智說，每個中鋼人都努力為中鋼鏟出更清楚、更穩固的未來路。逆境裡不能等光，要自己鑿光；沒有一個偉大的成就，是靠等待而來，所有的進步，都需要靠主動出擊、化危機為轉機。   因此，中鋼對外積極提出反傾銷控訴，打造公平產業環境；對內持續推動二軸三轉策略，不斷優化與創新，「我們不是被動等待市場變好，而是主動出擊，以行動守住市場、以轉型提升競爭力，要在這波鋼鐵寒流中避開冰山，更快、更穩的航向藍海」。   黃建智表示，這幾年台灣發展亮點聚焦半導體、AI、電動車或機器人等先進產業，中鋼的鋼品是台灣各項建設、能源轉型與科技製造不可或缺的根基與支撐，這就是中鋼的價值。   在廠慶日，他特別向每位辛勞付出的中鋼人、寶眷以及所有客戶、股東、退休前輩們，致上最深的敬意，因為全員努力奉獻，中鋼才能成為台灣產業最堅實的支柱，讓中鋼在變局中依然穩健前行，回饋社會與貢獻國家。中鋼廠慶，董座黃建智：不是被動等市場變好，而是主動出擊航向藍海。記者林政鋒攝影中鋼廠慶，董座黃建智：不是被動等市場變好，而是主動出擊航向藍海。記者林政鋒攝影
2025-12-18 17:17:48,中鋼,中鋼54周年廠慶 董座：主動出擊避開鋼鐵寒流冰山「以行動守住市場 」 - Yahoo奇摩股市,https://news.google.com/rss/articles/CBMipgNBVV95cUxOV2pLSDNtSFFWd2U5SEhqUEgzS1UwakNLODMyV3ZmSkxOS0M0LVNsOUtnRk1QRFFCd2JhNG1meUt4aUF3X0VENFZJSnEyWmEwR0N2dDExRTlFTjlmUzgwUm1abWZSRGZDRTlJTTJFTTh5XzdLWUFKM1FFT2U4R19SRzFoVTdwNXJQLWUxZ1QwWS1iTDV6T1lzR1Ffdk1DMEhOVEgzVFgwR2p2aGJqOWFSaWRwbUJldUgzQUhDa3MwRG1ZYlRJTjdUUGRtLTNnUVZtYnZ0MkQtcHY0QXRxUklVbFZ4NTlzR2V3RFNBT0FRTDUwVk9TNklyY3lHMjhETlZsa3oxeDljb1pqeXRMVjZzaWQzUDk0NHVqQmh6b1JCTDJDVUl1SkdVdFdiTXRtTmwtMG9SN0FrUWlUWjkzbGFBX0hPZU1uRGRKY2tWSTl2bXNsQWhIeU9yNzEtZ3VDOVlxVnZ1Mlp2S3gyR3BJXzFXYUFzT1dQWU1uQkhSNk96SjVOTzNKNGI3ZVI4aFZWVjVpbHFjcDZqbGZLYnpicVVxQ2RwMDVoZw?oc=5,2025-12-13 04:24:52,中鋼54周年廠慶 董座：主動出擊避開鋼鐵寒流冰山「以行動守住市場 」,Yahoo奇摩股市,https://tw.stock.yahoo.com/news/%E4%B8%AD%E9%8B%BC54%E5%91%A8%E5%B9%B4%E5%BB%A0%E6%85%B6-%E8%91%A3%E5%BA%A7-%E4%B8%BB%E5%8B%95%E5%87%BA%E6%93%8A%E9%81%BF%E9%96%8B%E9%8B%BC%E9%90%B5%E5%AF%92%E6%B5%81%E5%86%B0%E5%B1%B1-%E4%BB%A5%E8%A1%8C%E5%8B%95%E5%AE%88%E4%BD%8F%E5%B8%82%E5%A0%B4-034028095.html,
2025-12-18 17:17:48,中鋼,鋼鐵市況如泥濘！中鋼54周年廠慶 董座黃建智：要主動出擊化危機為轉機 - Yahoo奇摩股市,https://news.google.com/rss/articles/CBMivgNBVV95cUxOVWRBODd1M3JuelVOT1RZWVlfSm80b19MX0R6c2ctX1pRM05zN1RWU290YVExYnl0NXZhTnp0M1VHaGV6TlJjMklBNXBlRVZ0ZDBxMWhZMFpvSldXU19STGlIVVc0NnFYUzF2M3Z3cjdwc1djck5aWHV1MTJVY2lsZFF2aFpzUE5NV2RPcUstREE4RGwwMHozSTB2M2xCSTdBMEVWUVpXeTBVelUwZTdKbUFiVmxtRkhRRDJMXzExV3kyUFo3NVNKZWRUT1poMjBNQUxBUnA0VFM2Z2pGcGk1UWg1enFhMFZqTHRYcWJNSHlXaXVvQ3BINUh0QXlMYWRnQXY5anRTTXAzRlV3TmFNTk13amdjb29JVlVzRTBNaTVReHJIMHVkSVVqcWg0b0l5WG00V3JRVzl6YWZPV1RUaGZZZU4yU1gtelozMF9rZ3RPZ0hMMVNkTmVoV2k4MVZxR3dNVWFlUXJiYTd1Z3Vicy1fWG9xa1RMb01JTUl1THowdUxwQkxXUU9lYVI5RHJiWjNZWGJldEc2TlNyRnFZUzQtejNRMW1BNmFxZ09JcjNfR3VuZkt5TURfejJLQQ?oc=5,2025-12-13 04:34:02,鋼鐵市況如泥濘！中鋼54周年廠慶 董座黃建智：要主動出擊化危機為轉機,Yahoo奇摩股市,https://tw.stock.yahoo.com/news/%E9%8B%BC%E9%90%B5%E5%B8%82%E6%B3%81%E5%A6%82%E6%B3%A5%E6%BF%98-%E4%B8%AD%E9%8B%BC54%E5%91%A8%E5%B9%B4%E5%BB%A0%E6%85%B6-%E8%91%A3%E5%BA%A7%E9%BB%83%E5%BB%BA%E6%99%BA-%E8%A6%81%E4%B8%BB%E5%8B%95%E5%87%BA%E6%93%8A%E5%8C%96%E5%8D%B1%E6%A9%9F%E7%82%BA%E8%BD%89%E6%A9%9F-040908337.html,
2025-12-18 17:17:48,中鋼,破盤價再翻身？ 杜金龍：中鋼、台塑四寶「這原因」可入手 - 奇摩新聞,https://news.google.com/rss/articles/CBMisAJBVV95cUxPaGhGRmUxUFJmd2lKeWwxUUxhbDJ4RHAzZE9vcnM2TGZPWndwZ2Z2UVZ2dkN3MnM0X2RGa2M0QWpVbVZVdjNIMW5ESmJMSUJKXzJVWXRMak1MaUJSdzI4QlJDeVRHalVjUFM0V2VXT0JoM2pQMUhNOFo5YzBtd2w1S0F3WjdFMnNWalFUaVBRdnBWXzVOZjNlM3FjNUhzWW9ONnlvaXFDZXBaWVVmNXNCNGhyNjN2UDR3V2RySmp3eHVQajRUa2poX0NxT3djZTh0dUg1aGU1OEdvbFUzOUdCZ0x3TFo3ZVBFekFlNS1Oc1B6WGZwcmkyNDlsaTFwazNZSVBYYUppWFp4Nnh5aGNIZlJHN1Z4T0ZpMUtRbngtdVg2UElDdWlhcnlBaHR2NXZa?oc=5,2025-12-13 07:49:38,破盤價再翻身？ 杜金龍：中鋼、台塑四寶「這原因」可入手,奇摩新聞,https://tw.news.yahoo.com/%E7%A0%B4%E7%9B%A4%E5%83%B9%E5%86%8D%E7%BF%BB%E8%BA%AB-%E6%9D%9C%E9%87%91%E9%BE%8D-%E4%B8%AD%E9%8B%BC-%E5%8F%B0%E5%A1%91%E5%9B%9B%E5%AF%B6-%E9%80%99%E5%8E%9F%E5%9B%A0-073026359.html,
2025-12-18 17:17:48,中鋼,鋼市低迷如泥濘，中鋼2026有機會翻身？董座：逆境不等光、主動拚轉型！被點名有望重返「3字頭」 - 今周刊,https://news.google.com/rss/articles/CBMigAFBVV95cUxNZldwN0FwelM2c0QzT1NRbXlvWnExVUtEd0dFTUJuOURjVzRsN0l2aXJWYzlEZDZLazVDVmtCOFhOTjUtZG5kMkhUcEpHa2EzbkhFVzhqdU1vZEFPRnBZTWMzZXpnZDBXNzFhR0ZtSFVhYnZVQUlNbjYyTExnbWJQcg?oc=5,2025-12-13 08:11:00,鋼市低迷如泥濘，中鋼2026有機會翻身？董座：逆境不等光、主動拚轉型！被點名有望重返「3字頭」,今周刊,https://www.businesstoday.com.tw/article/category/183008/post/202512130008/,none
2025-12-18 17:17:48,中鋼,「WITH中鋼‧傳承永續」 中鋼舉辦54週年廠慶活動 - 奇摩新聞,https://news.google.com/rss/articles/CBMingJBVV95cUxNRThfNXlRNko4OVhCclZIX0lkazRDdDAyNlNQbWpiMmkwcmlhQVhVRmp6Y0N3aXVwWnRZRmx3VjdoZjB5RXJZYkR0MVk2THBSWXhWS0hRbjllbUE2cnJlZjRiandxQjdLVXdONUVXNTFjVVZuQmEwdWVCVC1DWGE5OEFRSWF4Q0VvaWpjMUpCaXVDU3BselRfTWZUNlozUFpiWVhoYU9wbnN6LWJ4RXpWSWM4OURjc3RvM21iUVpITkNMR0NtUUx0bTFfM0p2QUt4VHdna2QtMXFyQkhPdE9nOGJneVpQNGlNMl80SHRKblZPR253bmZuQm42WE51X1F2VDlCYk5sd091bXFwdVJyZ215N09zaU1zaEhLaW13?oc=5,2025-12-13 09:26:50,「WITH中鋼‧傳承永續」 中鋼舉辦54週年廠慶活動,奇摩新聞,https://tw.news.yahoo.com/with%E4%B8%AD%E9%8B%BC-%E5%82%B3%E6%89%BF%E6%B0%B8%E7%BA%8C-%E4%B8%AD%E9%8B%BC%E8%88%89%E8%BE%A654%E9%80%B1%E5%B9%B4%E5%BB%A0%E6%85%B6%E6%B4%BB%E5%8B%95-092650888.html,
2025-12-18 17:17:48,中鋼,中鋼54周年廠慶登場 董座黃建智勉同仁逆境鑿光 - 奇摩新聞,https://news.google.com/rss/articles/CBMixwJBVV95cUxOZVZ1ZGthcXhtS3lsOEROQmxHeDQ3NEVhQ0IwSXQ2MURKTGxQUElXUzdfSGFnaWdrWDJONzNCRW5LWGpJTm50NU14OXc3dGd3V3JuYVhBb2NUb19GOG1XajUtek9pLXJzVUwzX2VHcktabkxjbU9lU1lDVW5ILW14SFVrOHExTS1uNlBxUUl4enpvOGdaZnhtQVNLU09kWXN5c0J0SDFJcDhpSXU0X3VpOGFFQXhLNEVWbklqOVQ1TzhubFEzemhDSVhFN2owNi1RN0tXbFBHSk1DcGt2U09IX3oxTG9obGtZNHJUeU84Y2ZReFMxOGNOenp4Vmp2Sk1CRmpNWUxHbDIwZ1h6NTFnTmdYbkxhRTkwUFA5ZHVWUzQtMGFONWdWNVpnaEl6c2NLUTdadlRCVTl1LVkyY2kwSVotbXoxcE0?oc=5,2025-12-13 12:24:59,中鋼54周年廠慶登場 董座黃建智勉同仁逆境鑿光,奇摩新聞,https://tw.news.yahoo.com/%E4%B8%AD%E9%8B%BC54%E5%91%A8%E5%B9%B4%E5%BB%A0%E6%85%B6%E7%99%BB%E5%A0%B4-%E8%91%A3%E5%BA%A7%E9%BB%83%E5%BB%BA%E6%99%BA%E5%8B%89%E5%90%8C%E4%BB%81%E9%80%86%E5%A2%83%E9%91%BF%E5%85%89-122459242.html,
2025-12-18 17:17:48,中鋼,中鋼喊主動出擊守住市場 董座黃建智強調以轉型提升競爭力 - 經濟日報,https://news.google.com/rss/articles/CBMiWkFVX3lxTE9GWWdxZ0JnWDVNWTUteWVhZWJEWEZSbjVybFloU0RLb3RBb2NrUkV6cWRwUDNhMnhOSmJjS3MzUm1ZdTdlaFIyZHFYQXMzUHRKRE45MzlUenRGQdIBX0FVX3lxTE9jQWRJWi0zelp6a0lobi1qUzFtbnRDMDcyc3VCZGJ2OEZqUWIwLWo4cHA5VHhrMDh3bUpQSVVTMTZBY0RiOGhrZVFCaEs5blc5VjdvQTc4MkxmZ0g4a1JJ?oc=5,2025-12-13 17:48:43,中鋼喊主動出擊守住市場 董座黃建智強調以轉型提升競爭力,經濟日報,https://money.udn.com/money/story/5612/9201582,  中鋼（2002）董事長黃建智昨（13）日說，「沒有一個偉大的成就，是靠等待而來」，當前鋼鐵市場陷入泥濘，中鋼不是被動等待市場變好，而是主動出擊，以行動守住市場、以轉型提升競爭力，要在這波鋼鐵寒流中避開冰山，更快、更穩航向藍海。   中鋼昨日舉辦54周年廠慶，黃建智表示，每年廠慶都是中鋼感恩時刻。那些共同走過的路、扛過的挑戰、守住的承諾，都在廠慶當天再次被記起。   黃建智指出，前陣子在台灣最感人的身影就是「鏟子超人」，他們沒有披風，也沒有超能力，卻在最艱難、無光、沒有掌聲的環境中，一鏟一鏟把那又黏又厚又臭的泥濘清開，用明知艱難卻仍堅持向前的勇氣，鼓舞激勵同行夥伴，共同完成艱鉅的行動。 黃建智談話重點  當前鋼鐵市場正像這攤泥濘，短期面對國際需求低迷、產能嚴重過剩，長期又面臨減碳壓力與供應鏈重組，每項都是對中鋼韌性的考驗。每位中鋼人就如同「鏟子超人」般扮演自己關鍵的角色：守設備、盯成本、攻市場、推轉型、做研發、精製程。   黃建智說，每個中鋼人都努力為中鋼鏟出更清楚、更穩固的未來路。逆境裡不能等光，要自己鑿光；沒有一個偉大的成就是靠等待而來，所有的進步都需要靠主動出擊、化危機為轉機。   因此，中鋼對外積極提出反傾銷控訴，打造公平產業環境；對內持續推動二軸三轉策略，不斷優化與創新，「我們不是被動等待市場變好，而是主動出擊，以行動守住市場、以轉型提升競爭力，要在這波鋼鐵寒流中避開冰山，更快、更穩的航向藍海」。   黃建智表示，這幾年台灣發展亮點聚焦半導體、AI、電動車或機器人等先進產業，中鋼的鋼品是台灣各項建設、能源轉型與科技製造不可或缺的根基與支撐，這就是中鋼的價值。   在廠慶日，他特別向每位辛勞付出的中鋼人、寶眷，及所有客戶、股東、退休前輩們，致上最深敬意，因為全員努力奉獻，中鋼才能成為台灣產業最堅實的支柱，讓中鋼在變局中依然穩健前行，回饋社會與貢獻國家。   延伸閱讀延伸閱讀  陸管控鋼品 出口須申請許可   
2025-12-18 17:17:48,中鋼,黃建智勉中鋼人化危機為轉機- 日報 - 工商時報,https://news.google.com/rss/articles/CBMiX0FVX3lxTFBjdVVNeUcxUUQtUGdWY1NGVF9nZUpMbWhYT3dFdjN6QWtRd1gybnNQbkk4blJmOGxCQlE0SFBIWEUxM29PMTRtSURsejVfZHcxU0x6bm9ZSDBlTE5QUUk0?oc=5,2025-12-13 19:00:00,黃建智勉中鋼人化危機為轉機- 日報,工商時報,https://www.ctee.com.tw/news/20251214700045-439901,已將目前網頁的網址複製到您的剪貼簿！中鋼13日舉行54周年廠慶，今年中鋼以「傳承永續」為主題，董事長黃建智致詞時表示，目前的鋼鐵市場就像一灘泥濘，是對中鋼韌性的考驗，每位中鋼人都是鏟子超人，都努力為中鋼鏟出更清楚、更穩固的未來之路。黃建智也鼓勵同仁要主動出擊、化危機為轉機。黃建智表示，前陣子在台灣最感人的身影就是鏟子超人，他們沒有披風，也沒有超能力，卻在最艱難、無光、沒有掌聲的環境中，一鏟一鏟把那又黏又厚又臭的泥濘清開，用明知艱難、卻仍堅持向前的勇氣，鼓舞激勵同行的夥伴，共同完成艱鉅的行動。黃建智指出，當前的鋼鐵市場就像這灘泥濘，短期面對國際需求低迷、產能嚴重過剩，長期又面臨減碳壓力與供應鏈重組，每項都是對中鋼韌性的考驗。而每位中鋼人就如同鏟子超人般扮演自己關鍵的角色：守設備、盯成本、攻市場、推轉型、做研發、精製程。每個人都努力為中鋼鏟出更清楚、更穩固的未來之路。黃建智強調，逆境裡不能等光，要自己鑿光，沒有一個偉大的成就是靠等待而來，所有進步都需要靠主動出擊、化危機為轉機。
2025-12-18 17:17:48,中鋼,亞洲鋼廠價格分歧 中鋼開平機會大 - Yahoo奇摩股市,https://news.google.com/rss/articles/CBMikAJBVV95cUxQRGlLMXo3N2R1cmJEYkxjOVRGcHB0U3NpZkNhUVpBcjJWSURTNWpob2JDWnFuOVhRWWFmNVdqSzIwZTVwSTBiMUIwTXpkS1NzbUt1dlBlRU5DdmRYRzVWUzNjdEtuMld4YnJQSmJINnc4QWtOZDhYZ0tzLXJEOFBhZ2JXTHB5R2gyTlQwT1B2eTZFQ0FTRUJneC13ZWVuTDhScjVDem9uM2NjVjI4NTVsT2tuMUZsd0ZpSGFINGs0Znk0QU12cF9EaW9sbFBwMUZVZEpoWFZkWkwxWFVRTlVxMFZoemhiMmRWQzJZc09EUjNHUFh4aTFhc2tKSlRxQVpRUjJDSkt5V1N1UGtKclRsSQ?oc=5,2025-12-14 02:18:56,亞洲鋼廠價格分歧 中鋼開平機會大,Yahoo奇摩股市,https://tw.stock.yahoo.com/news/%E4%BA%9E%E6%B4%B2%E9%8B%BC%E5%BB%A0%E5%83%B9%E6%A0%BC%E5%88%86%E6%AD%A7-%E4%B8%AD%E9%8B%BC%E9%96%8B%E5%B9%B3%E6%A9%9F%E6%9C%83%E5%A4%A7-020247313.html,
2025-12-18 17:17:48,中鋼,睽違17年！陸祭管制 亞洲鋼價有撐 中鋼、中鴻、大成鋼齊漲 - 經濟日報,https://news.google.com/rss/articles/CBMiWkFVX3lxTE1LaUxHZkJmbzNGVDViLUdoYkFCMVlXbjhRRjM1bnJMRmVjODE5M3gxN2I1TTNsU2loTVlwNXI3LUUtMnA5Q0JZZUVyTUZkZENSdGVfZTFFOS01UdIBX0FVX3lxTE5fRWptZlNtTEU5ZjZLNDZicDZNM1NqZmswb3QwdDBacU5TQmFVelkzT2JDaWRySEtkYWlfTzY5anhEWXFwS1ZneTdscXFkYkItVml6SzZ3bUpvZWdnQ3BJ?oc=5,2025-12-14 14:00:00,睽違17年！陸祭管制 亞洲鋼價有撐 中鋼、中鴻、大成鋼齊漲,經濟日報,https://money.udn.com/money/story/5710/9203913,"中國大陸12日公告，將從明年元月起，對鋼鐵出口實施許可證管理，為睽違17年再度實施鋼鐵管制，市場期待低價鋼材傾銷問題有望減緩，激勵鋼鐵族群15日表現。中鋼（2002）、中鴻（2014）、大成鋼（2027）等多隻鋼鐵股呈齊漲氣勢。   鋼鐵類股相關指數在15日盤中一度上漲1%左右。中鴻一度漲逾半根停板，成交量超過13,000張；中鋼盤中漲逾1.6%，成交量超過45,000張。大成鋼盤中漲幅一度至3.5％左右，成交量逾13,000張。   鋼鐵業多年來受中國大陸低價產品傾銷之苦，深陷價格戰。中國大陸12日公告，將從2026年元月1日起，針對300項鋼鐵產品實施出口許可證管理，為2007年後，中國首度實施鋼鐵出口許可證管理，法人指出，政策目標在管制出口過熱，並瞄準產業升級與綠色轉型等目標。中鋼專家表示，短期中國大陸低價鋼材外銷可望減少，亞洲鋼鐵報價有望止跌、且不排除有進一步反彈空間。   中鋼專家也表示，據目前得到的訊息，許可證鎖定的品項包括鋼胚、熱軋、冷軋、塗鍍，這些都是中鋼在東南及南亞最直接的競品。此外，短期傾銷問減少，也有利中鋼內、外銷報價，並改善獲利結構。中鋼11月營收253.68億元，月增3.7％，寫近五個月新高，主因為11月出貨順暢；前十一月累計營收2,916.12億元，年減11.9％。   中鋼子公司、主要生產鋼卷及鋼管的中鴻，於近日法說會上表示，隨著鋼鐵景氣谷底打底、全球供需改善，期待2026年鋼市有望溫和回升。中鴻11月營收11.78億元，年減46.69%；前十一月累計營收177.22億元，年減37.31%。"
2025-12-18 17:17:48,中鋼,中鋼54週年廠慶活動 黃建智董事長：中鋼處逆境需「主動鑿光」，以轉型策略航向藍海 - 視傳媒,https://news.google.com/rss/articles/CBMiaEFVX3lxTE1PVGVac29EdWhqQjVjcVlmY1RKMlBROS15cFdkSzhsT09GWHF4SWRNSmNSYzFkbGVWanA0WTBuWkh4SXhhMGRiN3BGX3VDS2hxdnVMVEY0Y05wanRLZDFoUjFWRm5GLUQ3?oc=5,2025-12-14 14:26:40,中鋼54週年廠慶活動 黃建智董事長：中鋼處逆境需「主動鑿光」，以轉型策略航向藍海,視傳媒,https://nvns.net/news_view.php?new_sn=110923&new_csn=1467,none
2025-12-18 17:17:48,中鋼,【即時新聞】美國稀土公司股價11月下跌原因揭露，投資人需謹慎 - CMoney投資網誌,https://news.google.com/rss/articles/CBMikAFBVV95cUxPUlJyUjVsR280VUVCRWpaYTJ5ZXkxNEVmbHYtZ2V2aE0yYUx1RTcwYXRmaWNhMHRqdjlWOWx0enkwdktDbENOQlh3U0ZDTEs4azlGRlB1a3dwcUNaQ29qcjlmT1EzVVROa0g5Q1B3R3dsMnRPQlVJZUl4UUpiLVgxclkwTTdCQUlRd3NWMzVPQjc?oc=5,2025-12-15 01:57:18,【即時新聞】美國稀土公司股價11月下跌原因揭露，投資人需謹慎,CMoney投資網誌,https://cmnews.com.tw/article/newsyoudeservetoknow-630f2de7-d959-11f0-acf8-e6ea04159c98,"亞洲鋼市近期出現價格分歧，鋼鐵龍頭中鋼(2002)即將公布2025年1月及第一季的盤價，在原物料成本高檔與區域需求分歧的背景下，市場普遍預期中鋼將採取平盤或象徵性小漲策略。中國大陸主力鋼廠如寶鋼、本鋼與鞍鋼最新熱軋盤價每噸均上調人民幣100元，反映成本轉嫁壓力與內需穩定。但同時，東南亞鋼廠如越南和發與河靜鋼鐵則宣布熱軋價格下修，顯示當地需求疲弱。中鋼方面指出，儘管上游成本仍高，但考量整體市場需求仍未顯著回溫，預料漲幅將低於中國鋼廠，若不調價或僅象徵性調漲，可平衡利潤與國際競爭力，並維穩國內下游客戶信心。此外，公司11月合併營收為253.68億元，雖月增3.70%，但年減達12.59%，累計前11月營收為2,916億元，年減11.87%，反映整體鋼市疲軟仍未扭轉。董事長黃建智強調，中鋼將主動出擊應對挑戰，持續推動轉型強化競爭力。中鋼(2002)為台灣最大鋼廠，屬基礎原物料產業，主要營業項目為煉鋼及鋼品製造。近期推動精緻鋼品開發以強化抗景氣波動能力，2025年11月營收253.68億元，月增3.70%、年減12.59%，創近五個月新高，顯示短期出貨有回升跡象，惟中長期營運仍承壓。公司預期全年將出現虧損，但虧損幅度正逐步縮小，看好明年全球鋼市復甦與精緻鋼品產能擴展。截至目前，中鋼(2002)法人尚未大幅進出，但整體投資人聚焦於即將公布的盤價政策。主力籌碼趨於保守，等待盤價定價結果及後續營收變化。法人普遍關注中鋼在原物料高成本壓力下如何維護利潤及市占。若第一季盤價開出平盤或小漲，將有助持股信心穩定，有利中鋼股價短期波動收斂。中鋼(2002)面臨亞洲鋼市價格分歧與成本高漲等複合挑戰，市場關注的盤價決策將左右未來營運表現與股價走勢。隨著明年鋼市需求預期回升與精緻鋼品發展持續推進，建議投資人密切觀察盤價公布時點、法人動向及全球鋼價走勢等變數，做為後續評估中鋼走勢的關鍵依據。點我加入《理財寶》官方 line＠"
2025-12-18 17:17:48,中鋼,WITH！中鋼54週年廠慶，董座黃建智提「自己鑿光」 - 民視新聞網,https://news.google.com/rss/articles/CBMiYEFVX3lxTFBETFk3SlVhZGtEWkt0OHE3eFVEYXhNdlZlV0tFZl9WRHNSU0h1RElVTDF2cXdtWHNqaExVR0xnTVJDZy1DY3drU2IyOE5Ib0xxVVBlcnhwcWNOS1ZKZ05ONg?oc=5,2025-12-15 05:10:00,WITH！中鋼54週年廠慶，董座黃建智提「自己鑿光」,民視新聞網,https://www.ftvnews.com.tw/news/detail/2025C13W0235,none
2025-12-18 17:17:48,中鋼,【即時新聞】美國稀土公司股價11月下跌原因揭露，投資人需謹慎 - CMoney投資網誌,https://news.google.com/rss/articles/CBMikAFBVV95cUxPcWllMXFySHY0U3pza2dUNUVMRGZwNjU4MkFaVS1MaGlLcURFQ0NSanN1Zlh5R0ZiRXhWQ2o2MDFORHFWckZiM0RKX01aZXhuYkFSTVRld2tieWgyTkt6NEFCdFJnYXBPc1hGcXRCUzZucURZVzBWMkpoc0ZIRkxJQUgzcURrUVE4UVZGeFozREY?oc=5,2025-12-15 07:30:46,【即時新聞】美國稀土公司股價11月下跌原因揭露，投資人需謹慎,CMoney投資網誌,https://cmnews.com.tw/article/newsyoudeservetoknow-f8d9701b-d987-11f0-b417-5c69faacb370,"中國大陸官方睽違17年再度祭出鋼鐵出口管制措施，宣佈將於2026年元月起實施許可證管理，此舉被市場解讀為將有效緩解長期以來的低價傾銷問題，激勵台股鋼鐵族群表現強勢。中鋼(2002)股價於15日盤中一度上漲逾1.6%，成交量突破45,000張，展現多頭氣勢。市場預期在供給端受到控管後，亞洲鋼市報價有望止跌回穩，帶動中鋼及其集團個股如中鴻(2014)同步走揚，顯示資金對於產業供需結構改善持正面看法。本次中國大陸公告的出口許可證管理涵蓋300項鋼鐵產品，這也是自2007年後首度重啟此類管制，政策核心在於抑制出口過熱並推動產業綠色轉型。中鋼(2002)專家分析指出，本次鎖定的品項包含鋼胚、熱軋、冷軋及塗鍍等產品，這些正是中鋼在東南亞及南亞市場面臨最直接競爭的項目。隨著管制措施即將上路，短期內中國低價鋼材的外銷量預期將減少，這不僅有助於減輕中鋼在海外市場的價格競爭壓力，對於內銷報價的支撐與獲利結構的改善亦具正面效益。從基本面數據觀察，中鋼(2002)近期營運已現回溫跡象，11月營收達253.68億元，月增3.7%，創下近五個月新高，主要受惠於出貨順暢。雖然前十一月累計營收2,916.12億元仍較去年同期減少11.9%，但在產業秩序有望重整的利多消息帶動下，市場信心明顯回升。同集團的中鴻(2014)盤中一度大漲逾半根停板，成交量超過13,000張，大成鋼(2027)漲幅亦一度達3.5%，顯示這波政策利多對整體鋼鐵產業鏈產生了連動效應。展望後市，隨著鋼鐵景氣經歷長時間的打底，市場關注焦點轉向2026年後的供需變化。中鋼(2002)專家認為，在中國大陸減少低價外銷的預期下，亞洲鋼鐵報價不僅有望止跌，甚至不排除有進一步反彈的空間。中鴻(2014)在近日法說會上也表示，期待2026年鋼市能迎來溫和回升。投資人後續應密切觀察中國出口許可證制度的實際執行力度，以及其對亞洲區域鋼價的實質拉抬效果，作為評估產業復甦力道的關鍵指標。點我加入《理財寶》官方 line＠"
2025-12-18 17:17:48,中鋼,中鋼傳承永續舉辦五十四週年廠慶活動 - 台灣華報,https://news.google.com/rss/articles/CBMia0FVX3lxTE5hajF3aE83em5OS0J0S3J4UUtLU0t4V1JuZmVLZklwRENkU21tanF3OUUxbTNNZGxvcEpQb29FelBPVFFVT2dMb2FRdGlXZjRfS0hXa2xPZmM0UkF5U29Dd2tEVEZJNWdZaXB3?oc=5,2025-12-15 08:09:24,中鋼傳承永續舉辦五十四週年廠慶活動,台灣華報,https://www.kingtop.com.tw/detail.php?type=gallery&id=44764,none
2025-12-18 17:17:48,中鋼,又1宗！財部公告對中韓電磁鋼品展開反傾銷調查 - 自由財經,https://news.google.com/rss/articles/CBMiX0FVX3lxTE1jdkR0NURNb2wyYVRzWkFkWGNWQjkxQS1uYmU1WXRlRnBmMTBuaW4xNHRKNjVKZWhCWkhHRGQ0NjVqMHFFb0RjR0l5WVNXdUJ6cEVucjRQY2NEYWg5TFNR?oc=5,2025-12-15 08:46:41,又1宗！財部公告對中韓電磁鋼品展開反傾銷調查,自由財經,https://ec.ltn.com.tw/article/breakingnews/5278926,
2025-12-18 17:17:48,中鋼,漾新聞｜中鋼 54 週年廠慶傳承永續信念 - OwlNews,https://news.google.com/rss/articles/CBMiU0FVX3lxTE9SaVN1YmUyY2xEWUo4Y3ZpenBRUVpucFlVa0huQUh5R3BJVFNhakVTZVRScXA1d29zQW1hZHZ0SXlvVDdIQkJWbzRSZHN1eWVlSlBv?oc=5,2025-12-15 09:14:55,漾新聞｜中鋼 54 週年廠慶傳承永續信念,OwlNews,https://news.owlting.com/articles/1214278,none
2025-12-18 17:17:48,中鋼,中韓電磁鋼品涉傾銷 財部展開調查 - 自由財經,https://news.google.com/rss/articles/CBMiVkFVX3lxTFBNeHVQWUFpOTlyMmQ1a3NMemM0aklBN1hJTE45Z0pxZHhabmdLNDEtVGMtd01oZWRNeExQVTBLTmdpNXRZUlcwWUZNeVNMeVhzaks2WlFR0gFbQVVfeXFMUE40dWVQQXJqOENQVy1ZSUtQRFZCbHRKbWZpLTRSRmZHV1ZkX2tva3Y3V24xOGJjSGQwa2pBOTJZUEl6emI5MlFJYVJDYVp0VEdueXp4UnRzVlY0bw?oc=5,2025-12-15 21:30:00,中韓電磁鋼品涉傾銷 財部展開調查,自由財經,https://ec.ltn.com.tw/article/paper/1736057,
2025-12-18 17:17:48,中鋼,【即時新聞】美國稀土公司股價11月下跌原因揭露，投資人需謹慎 - CMoney投資網誌,https://news.google.com/rss/articles/CBMikAFBVV95cUxPMFlaS0huZE1saTYxa29xYk9VUGxJRWRTRFRQaGhDNlhYcGNCOVZsbDYxZUM3bXlwOXZMYjBHQk9DZkE4dG93ODB3czl4Y0swX3BOVzBSZmlaRDJueVc3SFg0TUNudXdBZ2tHOWFPVHdma3UzajVLMXNuYUIweVNvY0g2VVpKYUV6QjM3REJZa2Y?oc=5,2025-12-16 01:51:12,【即時新聞】美國稀土公司股價11月下跌原因揭露，投資人需謹慎,CMoney投資網誌,https://cmnews.com.tw/article/newsyoudeservetoknow-b32e5ac3-da21-11f0-a51c-53022a4ef850,"中國大陸12日公告，將自2026年起針對300項鋼品實施出口許可證制度，此為睽違17年首度重啟鋼鐵出口管制措施，市場預期低價鋼材傾銷現象得以緩解，對亞洲鋼市構成支撐。受此帶動，中鋼(2002)於12月15日盤中股價上漲逾1.6%，成交量超過45,000張，顯示市場對政策題材反應正面。法人分析，此次出口限制涵蓋熱軋、冷軋、鋼胚與塗鍍等品項，這些類別均與中鋼在南亞及東南亞市場的主要對手重疊，預期傾銷力道縮減後將有助價格穩定，有利於中鋼內外銷報價同步改善。中鋼專家指出，此政策將有利中鋼獲利結構，並支持區域鋼價進一步反彈的可能。此外，中鋼11月營收達253.68億元，月增3.7%，為近五個月新高，主因為當月出貨狀況順暢；累計前11月營收為2,916.12億元，年減11.9%。中鋼(2002)為台灣最大鋼鐵生產商，主力產品涵蓋熱軋、冷軋、鋼胚和塗鍍鋼材，在亞洲具有關鍵產能競爭力。11月營收253.68億元，月增3.7%，為五個月來新高，顯示出貨動能回升。該月雖年減幅度未收斂，但在區域競爭和需求谷底徘徊背景下，營運已現初步回升訊號。全年累計營收2,916.12億元，年減11.9%。從近期市場反應觀察，中鋼(2002)於中國宣布鋼鐵出口限制後獲資金關注，成交量放大至逾45,000張，技術面、籌碼面明顯轉強。15日盤中股價上漲超過1.6%，短期吸引買盤進駐。法人呼應中鋼專家觀點，普遍認為此政策將抑制中國鋼品供給，推動區域報價溫和反彈，有望帶動鋼鐵類股止跌回穩。中國重啟鋼品出口許可制度的政策效應，成為近期中鋼(2002)股價與基本面改善的重要驅動因素。後續投資人可關注區域鋼價趨勢、出口管制實施細節與中鋼後續報價反應，藉以評估其營收與獲利動能是否能持續增溫。點我加入《理財寶》官方 line＠"
2025-12-18 17:17:48,中鋼,【即時新聞】美國稀土公司股價11月下跌原因揭露，投資人需謹慎 - CMoney投資網誌,https://news.google.com/rss/articles/CBMikAFBVV95cUxNN3lFaHVueGNnNF9zRG9HOXUxSDBueG9ycGVZblNSQ3ExQ3pQZHFoNjlhS0ppUlQydklMYUVwMENoamV5VlhQT0Ztb3hySmJYSkJqd0pnWkh2SWJaX3RVTUxXUnBNQ3g1Q0lPZ3J4eXFSbnRyaDl2c2M4QmJ4dTNqcnlNNFI5dFVobXdBMjlneGQ?oc=5,2025-12-16 03:54:14,【即時新聞】美國稀土公司股價11月下跌原因揭露，投資人需謹慎,CMoney投資網誌,https://cmnews.com.tw/article/newsyoudeservetoknow-e37b394a-da32-11f0-9665-ca462a9a8f5d,根據FactSet最新調查，9位分析師針對中鋼(2002)提出目標價估值，最新中位數由21元下修至20元，調降幅度約4.76%。其中最高估值為22元，最低為18.5元。儘管預估價格出現下修，分析評價中仍有4位維持積極樂觀態度，顯示市場對其中長期潛力仍具信心。2024年6月16日收盤價為18.6元，近5日股價上漲1.88%，表現優於同期間鋼鐵類股0.44%與加權指數下跌1.54%的趨勢。此外，鋼市基本面持續改善。中鋼指出，在俄烏和談出現進展、中國2026年起加強鋼鐵出口許可控管，以及大陸「十五五規劃」促進內需政策支撐下，產業需求面具備三大利基。世界銀行預估，烏克蘭重建計畫將產生約16兆新台幣規模的基礎建設需求，對鋼材等基本建材形成長期拉動效應。法人分析亦指出，在市場逐步擺脫價格競爭壓力之際，中鋼可能於2026年迎來結構性修復走勢。中鋼(2002)為台灣鋼鐵產業龍頭，主要業務涵蓋煉鋼、熱軋、冷軋及表面處理鋼品等。公司在高附加價值鋼品佈局持續深化。雖然年初經歷價格壓力與需求不振影響，但近期鋼價受惠於全球基建及地緣政治改善，市場需求轉強。中鋼最新單月合併營收報告尚未公告，但整體鋼鐵類股近期營收普遍出現低基期反彈動能，反映產業景氣有望逐步回升。籌碼方面，中鋼近期法人動向轉趨正向。近5日股價累積上漲1.88%，在大盤下行環境中相對抗跌，主力買氣呈現增溫。以分析提供的公告資訊顯示，外資對中鋼持股態度趨於中性至偏多，法人對其基礎建設鋼需支撐未來基本面表現保持觀望偏正面的態度。中鋼(2002)雖短期內遭分析機構調降目標價至20元，反映當前營運壓力與市場調整，但中長期受惠於國際鋼需回升與中國出口管制政策，有望改善整體競爭態勢。後續可關注中國政策實施進度、全球基礎建設擴張幅度，以及公司後續營收及毛利變化是否同步改善。點我加入《理財寶》官方 line＠
2025-12-18 17:17:48,中鋼,【即時新聞】中鋼(2002)今收18.6元、法人下修目標價至20元，這「5檔概念股」台中兩極！ - CMoney,https://news.google.com/rss/articles/CBMiZ0FVX3lxTE9GYjBUaEcxb1oyMzhkdGQ3cVJYZ28tQ2c0Qi1aS2t6S3F1MnhEWEl0U0ZCSGtONWxHbEY1alJLSEZtNFFLWDlESHZxa0JuUmZ3YjZwQnVrS3ZGaURhY3lXdzlkc3FTU0E?oc=5,2025-12-16 04:08:55,【即時新聞】中鋼(2002)今收18.6元、法人下修目標價至20元，這「5檔概念股」台中兩極！,CMoney,https://www.cmoney.tw/notes/note-detail.aspx?nid=1058140,"【鋼市基本面及法人預估】中鋼(2002)近日受到法人評價調整與產業消息交錯影響。根據 FactSet 最新資料，9 位分析師將目標價由原本的21元下修至20元，降幅約4.76%，主要區間介於18.5元至22元，目前評價傾向保守中立。今（16）日中鋼股價表現收在18.6元，單日下跌0.35元（-1.85%），但近5日漲幅仍達1.88%，相較鋼鐵類股整體上漲0.44%、大盤下跌1.54%，顯示短線抗跌性仍在。鋼市消息方面，法人多數預期2026年需求將回穩，主因包含俄烏局勢和中國出口管制政策將有助國際鋼價穩固。中長期看好包括烏克蘭重建商機、中國「十五五」政策推動內需與基建、2026年起鋼鐵出口改為需經許可，加速產業朝「質」競爭轉型。專家分析，該國際政經變數可望為上中下游鋼鐵鏈構築底部支撐，中鋼營運重啟共識浮現。【傳產-鋼鐵｜概念股盤中觀察】市場信心交錯，鋼鐵概念股今盤中多走弱，但仍有個股出現潛在買盤，族群焦點逐漸從盤整轉向分化。屬銅產品供應鏈指標廠。今日目前下跌2.51%，成交量4,706張，賣壓明顯高於買盤，面臨短線調節壓力。為中鋼旗下熱軋與冷軋鋼品專業廠。今日跌幅1.89%，承接力薄弱，委賣張數多於買盤2,208張，短線籌碼偏空。致力於電鍍鋼品與熱處理加工。今日下跌1.85%，整體成交僅232張，買氣保守，屬漲多後回調格局。專精不銹鋼與建築材料流通，財務規模相對人本。今日盤中跌1.86%，量能極低，僅38張，顯示市場參與度不足。主攻棒鋼、螺絲等建材用鋼。今日目前下跌1.12%，但買賣差額僅-114張，小幅調節並無顯著拋壓。【總結】中鋼(2002)雖獲法人下修目標價，但仍表現優於大盤。整體鋼鐵族群今日多數走弱，其中大型鋼廠和上游廠商面臨短線籌碼壓力，可觀察政策執行與國際價格支撐後續變化。後續建議關注中鋼對烏克蘭重建鑄材需求、中國出口新政實施後實際出貨變化，並警覺短線買氣不振對族群輪動的潛在壓力。盤中資料來源：股市爆料同學會點我加入《理財寶》官方 line＠我們重視「知」的權利 不惜抽絲剝繭、深入調查 只為讓投資人不錯過重要的投資訊息"
2025-12-18 17:17:48,中鋼,中鋼軋鋼一廠以深度節能迎淨零- 商情 - 工商時報,https://news.google.com/rss/articles/CBMiX0FVX3lxTE5FaHlrZkQ3LXZQSVdWQzZ6TjEwN1BWdEhKdlVRWHlmcXVuY1VuWlRKRnI2NDJrOUFXWkdvY0ZBa21HSkFUVjU1cTRTTU01UmJUT1pfNm91ekRaUloyWVZr?oc=5,2025-12-16 09:29:00,中鋼軋鋼一廠以深度節能迎淨零- 商情,工商時報,https://www.ctee.com.tw/news/20251216700725-431208,"已將目前網頁的網址複製到您的剪貼簿！全球鋼鐵業面臨市場變化與碳關稅的挑戰，節能與永續經營已成業界共同課題。中鋼公司秉持「節能改善、利人利己」理念，積極落實《2050淨零排放路徑》，以實際行動打造節能低碳轉型示範標竿。中鋼依循政府能源政策，推動深度節能推動計畫，全面提升能源使用效率，並將節能理念融入日常經營。114年公司以「精緻綠能啟商機、數位創新增效益、低碳節能拚永續、產鏈協同創價值」為經營主軸，推進高值化精緻鋼廠及發展綠能產業的雙軸策略，並以「數位、低碳、供應鏈」三轉並進，強化企業永續體質。軋鋼一廠廠長兵亮志指出，廠內主要能源為加熱爐使用的焦爐氣，針對此能耗導入AI智能控制系統，精準調節焦爐氣用量與鼓風機轉速，並開發「一鍵降溫」功能，提升操作安全與能源效益；同時使用ESCO技術服務，推動馬達汰舊換新為高效能與變頻控制等，進一步節省用電。軋鋼一廠於113年節省能源成本近8千萬元，減碳量達1.2萬公噸。近三年平均能源消費量為15,422公噸油當量相較於過去數據降幅超過3%，顯示中鋼軋鋼一廠持續投入節能減碳的成效優異，並以實質成果展現低碳決心，持續朝「2050淨零排放」目標邁進，為鋼鐵業永續轉型樹立典範。"
2025-12-18 17:17:48,中鋼,《親子天下》職場獎 中鋼獲家庭友善企業肯定 - 焦點時報,https://news.google.com/rss/articles/CBMiV0FVX3lxTE1nSi0zUlZkUUYtSXBPczBhb3ZRMkMxa2ZGanlFUVJkLW9heUtid3poOUh6SDJ2ZnFlMHZvc29DRTI4UmF6bG1Jc3E1c256ZnBiLUhSbVgyOA?oc=5,2025-12-16 09:30:36,《親子天下》職場獎 中鋼獲家庭友善企業肯定,焦點時報,https://focus.586.com.tw/2025/12/16/p371926/,none
2025-12-18 17:17:48,中鋼,中鋼幸福力全開！首度奪《親子天下》2025友善家庭職場獎 打造暖心職場 - 台灣好報,https://news.google.com/rss/articles/CBMiU0FVX3lxTE5saGFZN3Z2OC1EVEpiUjZ3VHZmdmszeXh4a290VUhTQkc2WXB4LXlfMFNjZUNsNG9IVWQyUUNRb0Q2a1hpcEVFamlfYmlyZWs5RlRn?oc=5,2025-12-16 09:37:19,中鋼幸福力全開！首度奪《親子天下》2025友善家庭職場獎 打造暖心職場,台灣好報,https://newstaiwan.net/2025/12/16/390197/,none
2025-12-18 17:17:48,中鋼,漾新聞｜中鋼打造暖實力 幸福職場獲獎受肯定 - 民生電子報,https://news.google.com/rss/articles/CBMiREFVX3lxTFAwQXVwblM2cFRQeXlOVXliWUd6RU5CbzBhb0RDTjJiajFZa1RsbXgwZFI4Zm41cnR1VTE2UG54ajY2Q1Y1?oc=5,2025-12-16 10:41:26,漾新聞｜中鋼打造暖實力 幸福職場獲獎受肯定,民生電子報,https://lifenews.com.tw/444788,none
2025-12-18 17:17:48,中鋼,大神專訪4-2》好學生變壞怎麼辦？他揭2種股票不能存出清中鋼、兆豐金、國泰金原因曝- 上市櫃 - 旺得富理財網,https://news.google.com/rss/articles/CBMiakFVX3lxTE9LR3E3Y2l4NU1HN21MLXU0WVpydW94Mjd3emVnZk5lTk5GeWdfRVNSRHpfeVFETmRBbTBITnB3YmRad3hWcF9vZDlaZjlRLXRLZ3ktTlZudk5ERWc1cXdTcGs1Q0hmWjBpUkE?oc=5,2025-12-16 22:04:26,大神專訪4-2》好學生變壞怎麼辦？他揭2種股票不能存出清中鋼、兆豐金、國泰金原因曝- 上市櫃,旺得富理財網,https://wantrich.chinatimes.com/news/20251217900002-420101,none
2025-12-18 17:17:48,中鋼,中鋼打造企業暖實力 榮獲友善家庭職場獎 - 奇摩新聞,https://news.google.com/rss/articles/CBMirAJBVV95cUxOS2lSNmZNZHc2RkNoX05qVzRKQjJpaUJ0ODJ6MDFHYzFMWGJZSi1PT1dmaGRDSkxuOEsydGN2Z2FhSVFsYl9xRmxKUHNiaWw4VE05aWpZZ252WGkzejlfMXdyQzNTbDlWelN6TzZSTDJ6eEpseWY2ektvQXJBU3llMDBlX0NXWnVxX1VyNVZ3d1pCSkY0U1BaYmlJV0pkSHg3M0oyYndsMDVIWlc1cG5xY2ZkX1V6bVpNeUlrRDlnbmxEYV9KVk5ZeGYxN0doSmR0QjNFa25ZdHNsLXBNcVBTWkRrY0pZNG84NUl3RU1VcVp0N2tSSHlTQTJuOFg1Q29tbW5sNWdZNndfMUR3UGVLbWhoMktQUmhGSHc5bTdUNDlsRXBzcUd2V253bVU?oc=5,2025-12-16 22:16:43,中鋼打造企業暖實力 榮獲友善家庭職場獎,奇摩新聞,https://tw.news.yahoo.com/%E4%B8%AD%E9%8B%BC%E6%89%93%E9%80%A0%E4%BC%81%E6%A5%AD%E6%9A%96%E5%AF%A6%E5%8A%9B-%E6%A6%AE%E7%8D%B2%E5%8F%8B%E5%96%84%E5%AE%B6%E5%BA%AD%E8%81%B7%E5%A0%B4%E7%8D%8E-221643208.html,
2025-12-18 17:17:48,中鋼,終止連二平！中國出手整頓鋼鐵出口 中鴻明年1月開漲盤 - 自由財經,https://news.google.com/rss/articles/CBMiX0FVX3lxTE9Vb3hRNXhrNWhXV2k4UWR3azFoNEtieEFJdTF0dFUyNVRZd19sTWJ5a1AxeGU4cmFwZFIybDdJNXVfSGlDMm40ZW1jMWVCcVpPbnhQcWM5Y295QjRlNkdn0gFkQVVfeXFMT0d0N2d1a0VlSzI3YkNkNlYxc1dKNHctUnlkR0tiT2JwQUMyU29sak42bUNvRTkyM2Rad2kwR1hCZXJlQnQ3TXY0OVJ5N0RPWktUaUVHVkxDNlUteXJlOUhUWHQyZg?oc=5,2025-12-18 06:20:02,終止連二平！中國出手整頓鋼鐵出口 中鴻明年1月開漲盤,自由財經,https://ec.ltn.com.tw/article/breakingnews/5282296,
2025-12-18 17:17:48,中鋼,俄烏和平轉折、中國鋼鐵管制雙重利多，台灣鋼鐵股迎轉機？｜股市話題｜豐雲學堂2025 年 12 月 - sinotrade.com.tw,https://news.google.com/rss/articles/CBMi0gNBVV95cUxPWHRjRUllUVBSaERkZ3NEcFh1Y2ozWnBtbEphajU3eUhQdjhKckViS0JCZ1JYXzQyZzQ0Y3ZDNi1NTDNZUEZVNnNfbXh2Q0dTci1qQVZfUDFZUVI2VHpRUi1PWGwzTWNCWG1xbVJqR3dTZXdWSkE0azhJT0ktNVBGNG04Q2g5X3BDd0M2N1BnWkFzbFl2bEotczZuSV9NWWxNNU9EU0R1RU1FZEZiY3BscE9SWGFxYmNlV3B2azZTSFZ2WkFIZEhKcy1Ud1JlMGVoUUJkMm9TTjRud0JNZWl2SUxyVFh2WVU2LXR2d1FYczhIX2FmdW5sRktkc2tTM2l6TTBUb0o5M2dSU3lZRUZQY1JseUNmNEtJdjJzM1ZFS19RbFptM0hlMDRmTWpQNGVPNlBVaWdZcWJjamxZS1RELVN3ZWdPRXNDazcxdG50OUJJRnhTdGNuUkxQLUVTVzBzWEx2clJ3b3JHSTNRRjFtaXlEbWE1U2YtWW1iRGUyQ3A1bVFETEhOZmZTMmRaVGZZZk4xOHhrLV92RVdYTkw1OE9iWnFXVUFpWTdkakYzOVhNbEpkZ0ZxUmsyc3h1TlFoOVZzSDJQWVBTOU1ZdDBIMEJB?oc=5,2025-12-18 06:24:18,俄烏和平轉折、中國鋼鐵管制雙重利多，台灣鋼鐵股迎轉機？｜股市話題｜豐雲學堂2025 年 12 月,sinotrade.com.tw,https://www.sinotrade.com.tw/richclub/hotstock/%E4%BF%84%E7%83%8F%E5%92%8C%E5%B9%B3%E8%BD%89%E6%8A%98-%E4%B8%AD%E5%9C%8B%E9%8B%BC%E9%90%B5%E7%AE%A1%E5%88%B6%E9%9B%99%E9%87%8D%E5%88%A9%E5%A4%9A-%E5%8F%B0%E7%81%A3%E9%8B%BC%E9%90%B5%E8%82%A1%E8%BF%8E%E8%BD%89%E6%A9%9F--%E8%82%A1%E5%B8%82%E8%A9%B1%E9%A1%8C-6940ca20466abb0012190644,none
2025-12-18 17:17:48,中鋼,2034 允強- 每次看到中鋼主力買這種新聞就想笑唯一靠近歐洲有自有鋼鐵廠的...｜CMoney 股市爆料同學會 - CMoney,https://news.google.com/rss/articles/CBMiWEFVX3lxTE5ZZ1FGb2NXbGkzMUFvYnB3Q1NFN21ORmFDbnpuUE5rbXFRNVd5dmZRWmliT3FiN0lZSWZvZ2JVVDlxRUdGV2Q3ZVh4VmdGUHpIM2o4a2pld0s?oc=5,2025-12-18 06:28:30,2034 允強- 每次看到中鋼主力買這種新聞就想笑唯一靠近歐洲有自有鋼鐵廠的...｜CMoney 股市爆料同學會,CMoney,https://www.cmoney.tw/forum/article/175613619,
2025-12-18 17:17:48,中鋼,國際鋼市緩步復甦，中鋼1月/Q1盤價開平高盤- 新聞 - MoneyDJ,https://news.google.com/rss/articles/CBMikgFBVV95cUxNLTdPME91blNSUm12eTZJWTVXdWt4WWhjaE1SZlZEN2lULWE4YkpPSXVzWF8yWkdBZ1NwOVF3M0VOUll6cXJMa0NqSm03NkFweDlYZmhsWW5GSGhMVHBoenh6aVVjcnRsXzVLVGhub2RYZGpZYUtraks2VUxKNWY1Q1BXMEVySmdvcnhNX0Jzc3VIZw?oc=5,2025-12-18 07:01:00,國際鋼市緩步復甦，中鋼1月/Q1盤價開平高盤- 新聞,MoneyDJ,https://www.moneydj.com/kmdj/news/newsviewer.aspx?a=66bff214-f379-4bfb-b4f9-2bfa93082266,none
2025-12-18 17:17:48,中鋼,亞洲鋼價回穩 中鋼1月、首季盤價開「平高盤」漲300到500元 - 自由財經,https://news.google.com/rss/articles/CBMiX0FVX3lxTE9PMkVpdWc0Rk94UDZuWnZCVG5XWE1hblBmYWdOT1podElMTlg2bENrbWxjOGFVQnZkRTRwaUliRE1fWHNkYnp6cHFvQzFFcDhTODJYNXhmTHI4SXF4U05z0gFkQVVfeXFMUHk3a0pfa05ZdXJvd0dyLTh4aHpMclJXbnFZa0gtSXRMQWFEZG9zYy1tdkh3VFpndlg3ZVVxNHpFdm0zRVlVRHotREloUDdXVFU4UEllaExoczdfLUVlYURzdkc1dQ?oc=5,2025-12-18 07:06:18,亞洲鋼價回穩 中鋼1月、首季盤價開「平高盤」漲300到500元,自由財經,https://ec.ltn.com.tw/article/breakingnews/5282350,
2025-12-18 17:17:48,中鋼,《鋼鐵股》鋼市築底回溫 中鋼元月首季開平高盤 - 富聯網,https://news.google.com/rss/articles/CBMiiAFBVV95cUxOaWF1d0E5elNJZG95X3NDeGx2bjJOUV8wb3Y1bXBYb1JpUFZyOFZ6MXVhaHRLZVp6dUJrTS16dndCdGNENEpSRzFfeEEzY01KNzlrVDZ1YUlObGFZU3Rha2QzbmhGRUxmSTgwSTAzLV9fMER5aGlKZ0NXdy1NZ29iSnJHZUw1UFJw?oc=5,2025-12-18 07:11:00,《鋼鐵股》鋼市築底回溫 中鋼元月首季開平高盤,富聯網,https://ww2.money-link.com.tw/realtimenews/NewsContent.aspx?SN=6032045001&PU=1002,【時報記者葉時安台北報導】中鋼(2002)周四召開115年元月盤及第一季盤價會議，受到國際鋼市緩步復甦，短期鋼價走勢穩中看升。考量適逢年末庫存調整，下游產業購料心態保守，為兼顧成本壓力與國際行情走勢，中鋼元月份月盤及第一季季盤產品以平高盤開出，並依產業需求特性持續推動多元方案，共同努力確保接單量能。　中鋼元月月盤鋼品，熱軋鋼板、鋼捲(一般料)、熱軋鋼捲(軋延料)、冷軋鋼捲(一般料)每公噸上漲300元，電鍍鋅鋼捲(抗指紋、建材)、熱浸鍍鋅鋼捲(建材、烤漆料)、熱浸鍍鋅鋼捲(家電、電腦、其他料)、電磁鋼捲(中低規、高規)則持平。中鋼第一季季盤鋼品，僅汽車料上漲500元，棒線(低碳、中高碳、冷打、低合金)、鋼板(船板、A36/SS400、SM570系列)、鋼板(其他板)、熱軋鋼板、鋼捲(中高碳、工具鋼)、冷軋鋼捲(中高碳、工具鋼、製桶)等持平。　總體經濟方面，全球景氣溫和擴張，美聯準會再度降息，歐洲央行維持貨幣寬鬆政策，挹注金融體系流動性。中國大陸明年度持續擴大內需的政策方向，有利支撐大宗商品需求。台灣方面，人工智能需求仍穩健帶動出口，主計總處預估明年台灣經濟成長率可達3.54%，然傳統產業領域則因終端需求尚需較長時間恢復，經營環境仍具挑戰。　鋼鐵市場方面，中鋼說明，鐵礦砂價格走揚至每公噸105~110美元區間，冶金煤上漲至每公噸215美元左右，煉鋼成本持續上升。美國熱軋行情向上突破每公噸1000美元的關卡；歐盟與加拿大明年鋼材配額與關稅新制持續發酵，當地熱軋行情緩步回升；中國大陸內銷流通行情略有回穩態勢，寶鋼1月平板類產品全面上漲每公噸人民幣100元(約14美元)；另明年1月1日起對鋼鐵實施出口許可證制度，對中國大量出口情況起抑制作用，有助帶動亞洲鋼價回穩，國際鋼市透露出築底回溫、平穩轉正的氛圍。　中鋼開出盤價，公司提到，國際鋼市緩步復甦，短期鋼價走勢穩中看升。考量適逢年末庫存調整，下游產業購料心態保守，為兼顧成本壓力與國際行情走勢，中鋼元月份月盤及第一季季盤產品以平高盤開出，並依產業需求特性持續推動多元方案，共同努力確保接單量能。
2025-12-18 17:17:48,中鋼,亞洲鋼價回穩 中鋼1月、首季盤價開「平高盤」漲300到500元 - 奇摩新聞,https://news.google.com/rss/articles/CBMi0gJBVV95cUxQcWI4S1p6NWktazZiWjZydlpMOFl4X3lfX1ZySTZ6V1RXckM4T2k1NVNJSHlQYTdhTG10V2RTTzVUVURfTFVvOTlvSUNfVWlrTC1MRmwwQ1lULVVnSExvbHhWNUN3X0E2WDlCeTB5R3hVODE0NVZ4V0JKc21Wal93dmMtZGdfOEV1N1p0NlBKWndCVjl0UEEtQU43Nm5yQ3BoUjVFRTJoWGVVV0k5Mk1Eb2RGR0dyVGpZN1JTVmdlZ1BJY2ZydXp4X0dlSENpd0FZQkpPTkVoNTVYalJ2NUtSWFRKOHJlNVJhUGNJaGl5Y0dld3doQXVCNkY5QWk5Mk9RRHFNN21jbmxaYzJwZHprVmtUeXBwQnliWjl0aFRUdzdJWUJBTDZieWdBRG5wY3RpNWtkZjlTSFpwUTdnOTJCNXR1QnUtMHdDM0I0eURIeTZDZw?oc=5,2025-12-18 07:18:53,亞洲鋼價回穩 中鋼1月、首季盤價開「平高盤」漲300到500元,奇摩新聞,https://tw.news.yahoo.com/%E4%BA%9E%E6%B4%B2%E9%8B%BC%E5%83%B9%E5%9B%9E%E7%A9%A9-%E4%B8%AD%E9%8B%BC1%E6%9C%88-%E9%A6%96%E5%AD%A3%E7%9B%A4%E5%83%B9%E9%96%8B-%E5%B9%B3%E9%AB%98%E7%9B%A4-%E6%BC%B2300%E5%88%B0500%E5%85%83-070618800.html,
2025-12-18 17:17:48,中鋼,國際鋼市緩步復甦 中鋼1月份月盤及第1季季盤產品開出平高盤 | 產業動態 | 財經 - NOWnews今日新聞,https://news.google.com/rss/articles/CBMiTEFVX3lxTE01d0l6bWlJdGFaNjF0b3Nxdi1wV0FHNlRYT1Q1MkNBbktnUjhKVHhkT2EyN25lZG9UYTlfNW9lQV83MGRsZ3ZndjE5NHY?oc=5,2025-12-18 07:33:47,國際鋼市緩步復甦 中鋼1月份月盤及第1季季盤產品開出平高盤 | 產業動態 | 財經,NOWnews今日新聞,https://www.nownews.com/news/6766367,none
2025-12-18 17:17:48,中鋼,鋼價支撐轉強，中鴻1月內銷盤價全面調漲| MoneyDJ理財網 - LINE TODAY,https://news.google.com/rss/articles/CBMiVkFVX3lxTFBFLTF2MjRMckNwWW4zT3d2RnRmS0FJZDRlQ016R3hzeEozeEZkeVhnTTkyVHFwWFFKRXRsczRGcHpKQW9SS3RIX3Fpc3UtcmlQY1Z5Zmp3?oc=5,2025-12-18 07:45:31,鋼價支撐轉強，中鴻1月內銷盤價全面調漲| MoneyDJ理財網,LINE TODAY,https://today.line.me/tw/v3/article/NvVgDXZ,none
2025-12-18 17:17:48,中鋼,原料成本攀升鋼市回溫 中鋼115年1月盤平高開出 - 【飛揚新聞】,https://news.google.com/rss/articles/CBMiUkFVX3lxTE00dEpwYXlyTFM1QzNKVmN1RkZIbm45bW5LNzM2X0NfMWFQQ2JNOC1pWUZteWUtcUJSemxGRlprZ0RRTjhYanZqcTFPcnRhWUZ2QlE?oc=5,2025-12-18 07:47:22,原料成本攀升鋼市回溫 中鋼115年1月盤平高開出,【飛揚新聞】,https://fion.news/?pn=vw&id=06qk94tj4vta,none
2025-12-18 17:17:48,中鋼,鋼市回溫 中鋼1月和首季盤價平高盤 - 奇摩新聞,https://news.google.com/rss/articles/CBMiigJBVV95cUxPMGJ0SGpUTmVhUVBCbHNXdzZxbkxEYTc5QnpJTWdiQmJ4NWd5QkNRN25pWVJ3T283NjM4R3VxQTJBMG91NW9IcmYwbWtrdGJNX2pmWGw0NGFzdWpOWmhuckxpMDByczFHMHZ6U0xWbE9DWWNfSE1YTFNKVlgxc3pHS3lPdUEtYnlpazRReENhMVJ0dHZpcEtiTlFvT2QzRFhVVkJKeGRPdGY2NHpmY1NCbHBNSmNuNi1IQVpmbjlraTRyMXZlN3k4QXJBbUptLTJMNDRnbWhwVHRZV05KUVF4MmRWQXlIZTlITEJMaVFmN3lGM2s0UXQzalRBNXg5Ny16UDRTVDVYMGVFQQ?oc=5,2025-12-18 08:00:08,鋼市回溫 中鋼1月和首季盤價平高盤,奇摩新聞,https://tw.news.yahoo.com/%E9%8B%BC%E5%B8%82%E5%9B%9E%E6%BA%AB-%E4%B8%AD%E9%8B%BC1%E6%9C%88%E5%92%8C%E9%A6%96%E5%AD%A3%E7%9B%A4%E5%83%B9%E5%B9%B3%E9%AB%98%E7%9B%A4-080008298.html,
2025-12-18 17:17:48,中鋼,中鋼公司一一五年元月及第一季盤價調漲 國際鋼市築底回溫、平穩轉正 - taidaily.com,https://news.google.com/rss/articles/CBMiUEFVX3lxTE9ST1l6WXhNVkxoUGZwYlJxNDBrSllmN1ljenpnLUhBM05oU3FwRzY4U2RNc3NhcVJybHNOVU1oazV4OXg0bC1NazZOZnNHZjdQ?oc=5,2025-12-18 08:36:03,中鋼公司一一五年元月及第一季盤價調漲 國際鋼市築底回溫、平穩轉正,taidaily.com,https://taidaily.com/2025/12/18/562720/,none
